{
  "K": [
    [
      1173.868801005754,
      0.0,
      487.7183770577433
    ],
    [
      0.0,
      1180.1061231090457,
      606.0937776286368
    ],
    [
      0.0,
      0.0,
      1.0
    ]
  ],
  "dist": [
    0.2556419159879033,
    -0.9102918784804308,
    -0.014290184597915246,
    0.002583862906533002,
    0.7806357768340314
  ],
  "RMS": 2.027439604700615
}